<!--typo-uk-start-->
    <layout>
      <configItem>
        <name>typo-uk</name>
        <shortDescription>Ukrainian (Typographic)</shortDescription>
        <description>Ukrainian (Typographic)</description>
        <languageList>
          <iso639Id>ukr</iso639Id>
        </languageList>
        <countryList>
          <iso3166Id>UA</iso3166Id>
        </countryList>
      </configItem>
      <variantList>
        <variant>
          <configItem>
            <name>typo-uk-russian</name>
            <description>Ukrainian (Typographic + Russian)</description>
          </configItem>
        </variant>
      </variantList>
    </layout>
    <layout>
      <configItem>
        <name>typo-ru-ukrainian</name>
        <shortDescription>Russian (Typographic + Ukrainian)</shortDescription>
        <description>Russian (Typographic + Ukrainian)</description>
        <languageList>
          <iso639Id>rus</iso639Id>
        </languageList>
        <countryList>
          <iso3166Id>RU</iso3166Id>
        </countryList>
      </configItem>
      <variantList/>
    </layout>
<!--typo-uk-end-->
